{
    "1_1": 0.9612920880317688,
    "1_4": 0.909099817276001,
    "1_3": 0.9424887299537659,
    "1_2": 0.9614009261131287,
    "1_5": 0.9527171850204468,
    "1_6": 0.9582531452178955,
    "1_7": 0.9245405197143555,
    "1_8": 0.9568527340888977,
    "1_9": 0.9443337917327881,
    "1_10": 0.9506397843360901,
    "1_11": 0.948224663734436,
    "1_12": 0.94273442029953,
    "1_13": 0.9432722330093384,
    "1_14": 0.9613445997238159,
    "1_15": 0.9319736361503601,
    "1_16": 0.9576026797294617,
    "1_17": 0.9552407264709473,
    "1_19": 0.9593011140823364,
    "1_18": 0.9304375648498535,
    "1_20": 0.9563103914260864,
    "1_21": 0.9381767511367798,
    "1_22": 0.9497829675674438,
    "1_23": 0.9383711218833923,
    "1_24": 0.9432938098907471,
    "1_25": 0.9470459222793579,
    "1_27": 0.9541322588920593,
    "1_26": 0.9520400166511536,
    "1_28": 0.9526853561401367,
    "1_29": 0.960430383682251,
    "1_30": 0.9535364508628845,
    "1_31": 0.9551494717597961,
    "1_32": 0.9513465762138367,
    "1_33": 0.9608166813850403,
    "1_34": 0.9545236229896545,
    "1_35": 0.9529770612716675,
    "1_36": 0.9554428458213806,
    "1_37": 0.9503879547119141
}